{
    "loss": [
        0.5113089680671692,
        0.24211537837982178,
        0.15243402123451233
    ],
    "accuracy": [
        0.7216945290565491,
        0.8992913961410522,
        0.9416553378105164
    ],
    "val_loss": [
        0.2308812141418457,
        0.19870153069496155,
        0.0915767028927803
    ],
    "val_accuracy": [
        0.9174824953079224,
        0.9146853089332581,
        0.966433584690094
    ]
}